{
	"r" : 1,
	"b" : {
		"list" : [
			{"id" : 1, "title" : "我司与航天局达成合作", "img" : "assets/imgs/logo5.png", "summary" : "北舞校花美艳超Angelababy 劈腿私照曝光(组图) 近日,名叫“梦妮Gabby”的网友在微博上晒出多张生活照,相貌清纯甜美,皮肤白皙,网友惊讶地发现"},
			{"id" : 2, "title" : "公交车上开大排档", "img" : "assets/imgs/logo1.jpg", "summary" : "北京一烧烤店为避城管 公交车上开大排档---近日,记者在通州区新华联"},
			{"id" : 3, "title" : "陈妍希扮嫩", "img" : "assets/imgs/logo2.png", "summary" : "陈妍希扮嫩成功!被指像邓紫棋因出演于正版《神雕侠侣》小龙"},
			{"id" : 4, "title" : "台湾超萌双胞胎姐妹花近照曝光 媲美大小S", "img" : "assets/imgs/logo3.jpg", "summary" : "人民网北京4月28日电 (艾雯) 还记得几年前红遍网络的台湾超萌双胞胎小萝莉Sandy&Mandy吗，在7月她俩即将迎来13岁生日。"},
			{"id" : 5, "title" : "赵本山携爱徒出演《爹妈满院》 弘扬传统孝道", "img" : "assets/imgs/logo4.png", "summary" : "由本山传媒、北京星乐映画影视文化传媒有限公司联合出品的乡村情感大戏《爹妈满院》正在紧张后制中。"},
			{"id" : 1, "title" : "我司与航天局达成合作", "img" : "assets/imgs/logo5.png", "summary" : "北舞校花美艳超Angelababy 劈腿私照曝光(组图) 近日,名叫“梦妮Gabby”的网友在微博上晒出多张生活照,相貌清纯甜美,皮肤白皙,网友惊讶地发现"},
			{"id" : 2, "title" : "公交车上开大排档", "img" : "assets/imgs/logo6.jpg", "summary" : "北京一烧烤店为避城管 公交车上开大排档---近日,记者在通州区新华联"},
			{"id" : 3, "title" : "陈妍希扮嫩", "img" : "assets/imgs/logo7.jpg", "summary" : "陈妍希扮嫩成功!被指像邓紫棋因出演于正版《神雕侠侣》小龙"},
			{"id" : 4, "title" : "台湾超萌双胞胎姐妹花近照曝光 媲美大小S", "img" : "assets/imgs/logo8.png", "summary" : "人民网北京4月28日电 (艾雯) 还记得几年前红遍网络的台湾超萌双胞胎小萝莉Sandy&Mandy吗，在7月她俩即将迎来13岁生日。"},
			{"id" : 5, "title" : "赵本山携爱徒出演《爹妈满院》 弘扬传统孝道", "img" : "assets/imgs/logo9.jpg", "summary" : "由本山传媒、北京星乐映画影视文化传媒有限公司联合出品的乡村情感大戏《爹妈满院》正在紧张后制中。"}
		],
		"hasMore" : false
	}
}