{
	"r" : 1,
	"b" : {
		"2012" : [
			{"time" : "2012年1月", "content" : "<p>与苏宁易购达成战略合作，迅速抢占南京市场</p><img src=\"http://www.fsvi.cn/uploadfile/2012/0104/suning-logo-2012_01.gif\" />"},
			{"time" : "2012年6月", "content" : "<p>与酷我达成合作，进军互联网音乐服务领域</p><img src=\"assets/imgs/fullimage4.jpg\" />"}
		],
		"2011" : [
			{"time" : "2011年1月", "content" : "<p>新产品发布，迅速抢占南京市场</p>"},
			{"time" : "2011年6月", "content" : "<p>与绿地集团达成合作，进军房地产行业</p><img src=\"assets/imgs/logo3.jpg\" />"}
		],
		"2010" : [
			{"time" : "2010年1月", "content" : "<p>公司成立</p>"},
			{"time" : "2010年2月", "content" : "<p>成立技术研发部</p><img src=\"assets/imgs/about.jpg\" />"},
			{"time" : "2010年6月", "content" : "<p>成立市场拓展部</p><img src=\"assets/imgs/fullimage5.jpg\" />"}
		]
	}
}