{
	"r" : 1,
	"b" : {
		"carousel" : [
			{"src" : "assets/imgs/fullimage1.jpg", "alias" : "1"},
			{"src" : "assets/imgs/fullimage2.jpg", "alias" : "2"},
			{"src" : "assets/imgs/fullimage3.jpg", "alias" : "3"},
			{"src" : "assets/imgs/fullimage4.jpg", "alias" : "4"},
			{"src" : "assets/imgs/fullimage5.jpg", "alias" : "5"}
		],
		"topnews" : [
			{"id" : 1, "title" : "我司成功与航天局合作", "img" : "assets/imgs/logo5.png", "summary" : "北舞校花美艳超Angelababy 劈腿私照曝光(组图) 近日,名叫“梦妮Gabby”的网友在微博上晒出多张生活照,相貌清纯甜美,皮肤白皙,网友惊讶地发现"}
		]
	}
}