{
	"r" : 1,
	"b" : {
		"list" : [
			{"id" : 4, "title" : "台湾超萌双胞胎姐妹花近照曝光 媲美大小S", "img" : "assets/imgs/logo5.png", "summary" : "人民网北京4月28日电 (艾雯) 还记得几年前红遍网络的台湾超萌双胞胎小萝莉Sandy&Mandy吗，在7月她俩即将迎来13岁生日。"},
			{"id" : 5, "title" : "赵本山携爱徒出演《爹妈满院》 弘扬传统孝道", "img" : "assets/imgs/logo1.png", "summary" : "由本山传媒、北京星乐映画影视文化传媒有限公司联合出品的乡村情感大戏《爹妈满院》正在紧张后制中。"}
		],
		"hasMore" : false
	}
}