{
	"r" : 1,
	"b" : {
		"id" : "1",
		"title" : "我司成功与航天局合作",
		"author" : "官方发布",
		"timestamp" : "2014-04-28 20:10",
		"content" : "<p>北舞校花美艳超Angelababy 劈腿私照曝光(组图) 近日,名叫“梦妮Gabby”的网友在微博上晒出多张生活照,相貌清纯甜美,皮肤白皙,网友惊讶地发现她是个男人。</p><p><img src=\"assets/imgs/logo5.png\"/></p><p>4月28日，中共中央政治局常委、国务院总理李克强在重庆主持召开座谈会，研究依托黄金水道建设长江经济带，为中国经济持续发展提供重要支撑。 中共中央政治局常委、国务院副总理张高丽出席。</p>"
	}
}